ref,tipo,titulo,autor,capa_url,capitulo_atual,status_leitura,status_publicacao,nota,generos,tags,observacoes
obra_0001,Manwha,A Bad Example of a Perfect Curse,,,,,,,,,
obra_0002,,A Beast Swallowed by a Flower,,,,,,,,,
obra_0003,,A Bittersweet Couple,,,,,,,,,
obra_0004,,A Capable Maid,,,,,,,,,
obra_0005,,A Child Who Looks Like Me,,,,,,,,,
obra_0006,,A Deal With My Fake Husband,,,,,,,,,
obra_0007,,A Deceiving Bride and The Fierce Lion,,,,,,,,,
obra_0008,,A Flowery Path for the Devastated Male Lead,,,,,,,,,
obra_0009,,A Fortune-Telling Princess,,,,,,,,,
obra_0010,,A Guide to the Reality of Villain Extras,,,,,,,,,
obra_0011,,A Perfect Ending Plan of the Villain in a Fairy Tale,,,,,,,,,
obra_0012,,A Queen Worthy of Dishonor,,,,,,,,,
obra_0013,,A Revenge Guide for the Terminally Ill Maid,,,,,,,,,
obra_0014,,A Savage Proposal,,,,,,,,,
obra_0015,,A Stepmother's Märchen,,,,,,,,,
obra_0016,,A Transmigrator's Privilege,,,,,,,,,
obra_0017,,A Villains End Is Not A Choice,,,,,,,,,
obra_0018,,A Way to Protect the Lovable You,,,,,,,,,
obra_0019,,A Widowed Queen's Devotion for Love,,,,,,,,,
obra_0020,,"Abandoned, Yet Loved Beyond Measure",,,,,,,,,
obra_0021,,"After breaking up, I had relationship with my ex's uncle-in-law",,,,,,,,,
obra_0022,,After the Frozen Heart Melts,,,,,,,,,
obra_0023,,All About Dominative And Exclusive Destruction,,,,,,,,,
obra_0024,,"Although She is a Failed Princess, She is Loved by The Grand Duke in this Life",,,,,,,,,
obra_0025,,Among the Filth,,,,,,,,,
obra_0026,,An Unexpected Engagement,,,,,,,,,
obra_0027,,Anyone Can Become A Villainess,,,,,,,,,
obra_0028,,Apocalypse Villainess: Surviving With Corporate Slave Skills,,,,,,,,,
obra_0029,,Are We Still in Love?,,,,,,,,,
obra_0030,,Arrogant Regret,,,,,,,,,
obra_0031,,"Atonement, Regarding Its Cruelty",,,,,,,,,
obra_0032,,Azelda: The Spirit Master's Contract Marriage,,,,,,,,,
obra_0033,,Baby Snow Leopard of the Black Leopard Family,,,,,,,,,
obra_0034,,Bastian,,,,,,,,,
obra_0035,,Becoming A Family With The Duke and His Dear Son,,,,,,,,,
obra_0036,,Becoming the Guide of the Mysophobic Villain? Absolutely Not!,,,,,,,,,
obra_0037,,Becoming the Lady of the Cursed Ducal House,,,,,,,,,
obra_0038,,Beginning Part 2 of the Failure,,,,,,,,,
obra_0039,,Begrudgingly Yours,,,,,,,,,
obra_0040,,Being A Wicked Woman Is Comfortable And Pleasant,,,,,,,,,
obra_0041,,Beneath the Surviving Princess Joyful Facade,,,,,,,,,
obra_0042,,BJ Villainess,,,,,,,,,
obra_0043,,Black Winter,,,,,,,,,
obra_0044,,Born a Princess,,,,,,,,,
obra_0045,,Bound to Your Ruin,,,,,,,,,
obra_0046,,"But Please, Help Me",,,,,,,,,
obra_0047,,Can We Become a Family?,,,,,,,,,
obra_0048,,Captive in Dreamland,,,,,,,,,
obra_0049,,Catching Up With Luke Bischel,,,,,,,,,
obra_0050,,Charlotte's Wheel,,,,,,,,,
obra_0051,,Concubine's Invitation,,,,,,,,,
obra_0052,,Contractual Relationships with Friends Should be Done Carefully,,,,,,,,,
obra_0053,,Corrupting the Heroine's First Love,,,,,,,,,
obra_0054,,Country Life With His Sexy Majesty,,,,,,,,,
obra_0055,,Court of Music and Dance,,,,,,,,,
obra_0056,,Cursed Night,,,,,,,,,
obra_0057,,Deadly Nightshade,,,,,,,,,
obra_0058,,Dear Anonymous Sponsor,,,,,,,,,
obra_0059,,Dear First Love,,,,,,,,,
obra_0060,,"Dear Villainous Husband, the One to be Obsessed with is Over There",,,,,,,,,
obra_0061,,Death Is The Only Ending For The Villainess,,,,,,,,,
obra_0062,,Demonas,,,,,,,,,
obra_0063,,Dépaysement,,,,,,,,,
obra_0064,,Divorce is the Condition,,,,,,,,,
obra_0065,,Do All Mothers in Childcare Novels have to Die?,,,,,,,,,
obra_0066,,Do Your Best and Regret,,,,,,,,,
obra_0067,,Doctor Resignation,,,,,,,,,
obra_0068,,Don't Be Carelessly Friendly,,,,,,,,,
obra_0069,,Don't Do This Your Majesty!,,,,,,,,,
obra_0070,,Don't Grab the Broken Branch,,,,,,,,,
obra_0071,,Don't Look For Me,,,,,,,,,
obra_0072,,Don't look for the resurrected Villainess,,,,,,,,,
obra_0073,,Don’t Obsess Over the Fake Princess!,,,,,,,,,
obra_0074,,"Don't Worry, We Both Agreed to this Fraudulent Marriage",,,,,,,,,
obra_0075,,Duchess Mecklen's Elegant Rebellion,,,,,,,,,
obra_0076,,"Duke, that man is my real brother",,,,,,,,,
obra_0077,,Ebony,,,,,,,,,
obra_0078,,Elegant Aubrey,,,,,,,,,
obra_0079,,Elixir of the Sun,,,,,,,,,
obra_0080,,Éminence Grise Female Lead Is Trying To Make Me Her Stepmom,,,,,,,,,
obra_0081,,Empress of the Ashes,,,,,,,,,
obra_0082,,Endless Yearning,,,,,,,,,
obra_0083,,"Even if I Hide My Power, the Noble Lady Is the Strongest",,,,,,,,,
obra_0084,,Extras Don't Want to be Overly Obsessed,,,,,,,,,
obra_0085,,Fake Wife,,,,,,,,,
obra_0086,,Fakes Don't Want To Be Real,,,,,,,,,
obra_0087,,Fall in Love or Die,,,,,,,,,
obra_0088,,Falling for the Enemy,,,,,,,,,
obra_0089,,"Father, I Don't Want to Get Married!",,,,,,,,,
obra_0090,,"Flowers Are Flowers, Leaves Are Leaves",,,,,,,,,
obra_0091,,For a Certain Princess,,,,,,,,,
obra_0092,,For the Goddesses: For Daphne,,,,,,,,,
obra_0093,,For The Queendom,,,,,,,,,
obra_0094,,For Those of You For Whom Regret Is a Luxury,,,,,,,,,
obra_0095,,"Forget My Husband, I'll Go Make Money",,,,,,,,,
obra_0096,,Forgotten Juliet,,,,,,,,,
obra_0097,,Friends Shouldn't Act This Way,,,,,,,,,
obra_0098,,From Disgraced Lady to Beloved Stepmother,,,,,,,,,
obra_0099,,Girl in The Forest,,,,,,,,,
obra_0100,,Give Me the Pacifier,,,,,,,,,
obra_0101,,Goddess of Fortune,,,,,,,,,
obra_0102,,Golden Chevalier,,,,,,,,,
obra_0103,,"Goodbye, Unfaithful Fiancé: I’ll Find Happiness in the Next Game!",,,,,,,,,
obra_0104,,Grand Duchess's Constitution,,,,,,,,,
obra_0105,,"Grand Duke, It Was a Mistake!",,,,,,,,,
obra_0106,,Heeran Love Song,,,,,,,,,
obra_0107,,Her Lies,,,,,,,,,
obra_0108,,Her Majesty's Night,,,,,,,,,
obra_0109,,Here Reigns the Vengeful Villainess,,,,,,,,,
obra_0110,,Hold Her Tighter So She Wouldn't Run Away,,,,,,,,,
obra_0111,,"Honey, Why Can't We Get A Divorce?",,,,,,,,,
obra_0112,,"Hopefully, at Your Mercy",,,,,,,,,
obra_0113,,How can a time-limited evil gain her vengeance?,,,,,,,,,
obra_0114,,"How Can There be a Divorce When We Haven't Even Married, Your Majesty?",,,,,,,,,
obra_0115,,How to Get My Husband on My Side,,,,,,,,,
obra_0116,,How to Perfectly End a Contract Marriage,,,,,,,,,
obra_0117,,How to Protect the Master of the Monster Mansion,,,,,,,,,
obra_0118,,How To Reject My Obsessive Ex-Husband,,,,,,,,,
obra_0119,,How to Survive As The Devil's Daughter,,,,,,,,,
obra_0120,,Husband Thief,,,,,,,,,
obra_0121,,"Husband, I wont Forgive You if You Die in this Life",,,,,,,,,
obra_0122,,I Am Selling the Main Character's Shares,,,,,,,,,
obra_0123,,I became the Despised Granddaughter of the Powerful Martial Arts Family,,,,,,,,,
obra_0124,,I Became The Duke's Male Servant,,,,,,,,,
obra_0125,,I Became the Empress Doomed to Die at the Hands of the Tyrant,,,,,,,,,
obra_0126,,I Became the Head of the Family,,,,,,,,,
obra_0127,,I Became the Hero's Mom,,,,,,,,,
obra_0128,,I Became The Male Lead's Female Friend,,,,,,,,,
obra_0129,,I Became the Stepmother of a Terminally Ill Child,,,,,,,,,
obra_0130,,I Became the Sultan's Precious Cat,,,,,,,,,
obra_0131,,I Became the Trashy Duke's Affair Partner,,,,,,,,,
obra_0132,,I Became the Trashy Duke’s Affair Partner,,,,,,,,,
obra_0133,,I Became the Tyrant's Servant,,,,,,,,,
obra_0134,,I Became the Villainess in an Anticlimactic Novel,,,,,,,,,
obra_0135,,I Became the Villainess's Favorite,,,,,,,,,
obra_0136,,I Became the Wife of the Male Lead,,,,,,,,,
obra_0137,,I Brought the Male Lead to His Knees Before Me,,,,,,,,,
obra_0138,,I Can See Your Death,,,,,,,,,
obra_0139,,I Can’t Get A Divorce Because The Duke Is Too Fond Of Me!,,,,,,,,,
obra_0140,,I Can't Stop Doting the Empire's Most Notorious Villainess!,,,,,,,,,
obra_0141,,I Can't Wait To Eat You,,,,,,,,,
obra_0142,,I Captured The Tyrant's Heart,,,,,,,,,
obra_0143,,I Carry The Enemy's Child,,,,,,,,,
obra_0144,,I Didn't Mean to Seduce the Male Lead,,,,,,,,,
obra_0145,,I Failed To Throw The Villain Away,,,,,,,,,
obra_0146,,"I Faked a Pregnancy, but My Husband Returned",,,,,,,,,
obra_0147,,I Found A Family That Wasn't In My Adoption Plan,,,,,,,,,
obra_0148,,I Got Married To A Villain,,,,,,,,,
obra_0149,,I Grabbed The Leash Of The Blind Beast,,,,,,,,,
obra_0150,,I Have No Health,,,,,,,,,
obra_0151,,I have possessed the body of the protagonist,,,,,,,,,
obra_0152,,I Have the Dragon's Heart,,,,,,,,,
obra_0153,,I Know I Shouldn’t Do This with the Duke,,,,,,,,,
obra_0154,,I Leave You Because I Love You,,,,,,,,,
obra_0155,,I Made a Deal with the Devil,,,,,,,,,
obra_0156,,I Married the Monster Twice,,,,,,,,,
obra_0157,,"I May Be a Sickly Mom, but I'll Raise My Fallen Son!",,,,,,,,,
obra_0158,,I Met My Enemy at the Engagement Party,,,,,,,,,
obra_0159,,I Only Need the Duke’s Child,,,,,,,,,
obra_0160,,I Raised My Fiancé with Money,,,,,,,,,
obra_0161,,I Raised My Younger Sister Beautifully,,,,,,,,,
obra_0162,,I Refuse to Be Executed a Second Time,,,,,,,,,
obra_0163,,"I Saved You, but I'm Not Responsible",,,,,,,,,
obra_0164,,I Saw the Future With the Killer Grand Duke,,,,,,,,,
obra_0165,,I stole the child of my war-mad husband,,,,,,,,,
obra_0166,,I Tamed a Tyrant and Ran Away,,,,,,,,,
obra_0167,,I Tamed My Ex-Husband's Mad Dog,,,,,,,,,
obra_0168,,I Tamed The Tyrant Emperor,,,,,,,,,
obra_0169,,I Think It Would Be Better For Me to Become King,,,,,,,,,
obra_0170,,I Thought It's a Common Possession,,,,,,,,,
obra_0171,,I Tried To Be Her Loyal Sword,,,,,,,,,
obra_0172,,"I Want to Be You, Just For A Day",,,,,,,,,
obra_0173,,I Want To Eat You,,,,,,,,,
obra_0174,,I Was The Acting Empress But I Spent The First Night With Him,,,,,,,,,
obra_0175,,I Will Be Next to the Main Character,,,,,,,,,
obra_0176,,I Will Become the Villain's Poison Detector,,,,,,,,,
obra_0177,,I Will Buy Divine Power With Money!,,,,,,,,,
obra_0178,,I Will Dedicate My Life To Revenge,,,,,,,,,
obra_0179,,"I Will Disappear, Your Grace",,,,,,,,,
obra_0180,,I Will Divorce the Female Lead's Siscon Brother,,,,,,,,,
obra_0181,,I will escape from the flower of ordeal,,,,,,,,,
obra_0182,,I Will Fall With The Emperor,,,,,,,,,
obra_0183,,I Will Politely Decline The Male Lead,,,,,,,,,
obra_0184,,I Will Raise My Child As Another Man's,,,,,,,,,
obra_0185,,I Will Surrender My Position as the Empress,,,,,,,,,
obra_0186,,I Wish My Husband Were Dead,,,,,,,,,
obra_0187,,"I Won't Regret My Second Life, The Happy Ending Comes After Revenge",,,,,,,,,
obra_0188,,I'd Rather Abandon You Than Be Abandoned,,,,,,,,,
obra_0189,,I’ll Make You Pay with Your Life for Deceiving Me,,,,,,,,,
obra_0190,,"I'm a Fairy, Not a Saintess",,,,,,,,,
obra_0191,,I'm a Solo Guide,,,,,,,,,
obra_0192,,"I'm a Villainess, but I Won't Live Like One",,,,,,,,,
obra_0193,,"I'm a Villainess, Can I Die?",,,,,,,,,
obra_0194,,"I'm a Worthless Stepmother, But I Love My Family Madly!",,,,,,,,,
obra_0195,,I'm Being Raised by Villains,,,,,,,,,
obra_0196,,I'm Divorcing My Tyrant Husband,,,,,,,,,
obra_0197,,I'm Done Being My Big Sister's Sidekick,,,,,,,,,
obra_0198,,I'm Doomed if They Become Obsessed,,,,,,,,,
obra_0199,,I'm Imprisoned By The Mad Dog I Raised,,,,,,,,,
obra_0200,,I'm In Trouble Because The Emperor Thinks I'm Terminally Ill,,,,,,,,,
obra_0201,,I'm Not the Final Boss' Lover,,,,,,,,,
obra_0202,,"I'm Only a Stepmother, But My Daughter is Just So Cute!",,,,,,,,,
obra_0203,,I'm Sorry for Being an Unqualified Empress,,,,,,,,,
obra_0204,,I'm stuck in a crazy drama,,,,,,,,,
obra_0205,,I'm Stuck on a Remote Island With the Male Leads,,,,,,,,,
obra_0206,,I'm the Villainous Male Lead's Terminally Ill Aunt,,,,,,,,,
obra_0207,,Ice Flower Knight,,,,,,,,,
obra_0208,,"If They Get Obsessed, I'm Doomed",,,,,,,,,
obra_0209,,If You Wish For a Married Couple's Duties,,,,,,,,,
obra_0210,,If You Wish for My Despair,,,,,,,,,
obra_0211,,In Between,,,,,,,,,
obra_0212,,In the Garden of May,,,,,,,,,
obra_0213,,In the Grasp of a Loving Yet Possessive Male Lead,,,,,,,,,
obra_0214,,In the Name of Special Contract Marriage,,,,,,,,,
obra_0215,,"In The Night, At The Duke's Mansion",,,,,,,,,
obra_0216,,Insanely Radiant,,,,,,,,,
obra_0217,,Isabela,,,,,,,,,
obra_0218,,Isnelda,,,,,,,,,
obra_0219,,It Looks Like I've Fallen into the World of a Reverse Harem Game,,,,,,,,,
obra_0220,,It Was Just a Contract Marriage,,,,,,,,,
obra_0221,,"It Was Love at First Sight, Mr. Villain!",,,,,,,,,
obra_0222,,Julieta's Dress-Up,,,,,,,,,
obra_0223,,Kill The Villainess,,,,,,,,,
obra_0224,,King The Land,,,,,,,,,
obra_0225,,Kissing with God's Eyes Covered,,,,,,,,,
obra_0226,,"Kneel, Your Grace!",,,,,,,,,
obra_0227,,Lady Dragon,,,,,,,,,
obra_0228,,"Leave Me Alone, Duke",,,,,,,,,
obra_0229,,Lee Seob's love,,,,,,,,,
obra_0230,,Life in the Duke's Household Is Too Easy,,,,,,,,,
obra_0231,,Like A Wind On A Dry Branch,,,,,,,,,
obra_0232,,Lily Bush's Substitute Marriage,,,,,,,,,
obra_0233,,Limited Extra Time,,,,,,,,,
obra_0234,,Living as the Villain's Stepmother,,,,,,,,,
obra_0235,,Looking For The Villainess Whom I Spent My First Time With,,,,,,,,,
obra_0236,,Looking for the Villainess’s Contract Husband,,,,,,,,,
obra_0237,,Love Rides on Pheromone Allergy,,,,,,,,,
obra_0238,,"Love You, with Death",,,,,,,,,
obra_0239,,Lover Of Green Midnight,,,,,,,,,
obra_0240,,Marriage Alliance for Revenge,,,,,,,,,
obra_0241,,Marriage of Convenience,,,,,,,,,
obra_0242,,Materialistic Princess,,,,,,,,,
obra_0243,,May God Bless Your Demise,,,,,,,,,
obra_0244,,"May I Kill You, Your Majesty?",,,,,,,,,
obra_0245,,Melody of the Deadwood,,,,,,,,,
obra_0246,,Memoirs of a Witch,,,,,,,,,
obra_0247,,Miss Pendleton,,,,,,,,,
obra_0248,,Moonstruck,,,,,,,,,
obra_0249,,Moralis Scandal,,,,,,,,,
obra_0250,,Moscow's Dawn,,,,,,,,,
obra_0251,,My Body Has Been Possessed By Someone,,,,,,,,,
obra_0252,,My Dead Wife Returned,,,,,,,,,
obra_0253,,My Dear Aster,,,,,,,,,
obra_0254,,My Demon,,,,,,,,,
obra_0255,,My duke is Not Dead,,,,,,,,,
obra_0256,,My Fifth Political Marriage Is With the Man Who Hates Me,,,,,,,,,
obra_0257,,My Husband Hides His Beauty,,,,,,,,,
obra_0258,,"My Husband Is My Ultimate Bias, but I Think He Wants a Divorce",,,,,,,,,
obra_0259,,My Husband Was Stolen Twice,,,,,,,,,
obra_0260,,My Husband's Scandal,,,,,,,,,
obra_0261,,My Mother Gets Married Again,,,,,,,,,
obra_0262,,My Possession Became a Ghost Story,,,,,,,,,
obra_0263,,My Sister's Private Life,,,,,,,,,
obra_0264,,My Wife Waited in the Wheat Fields,,,,,,,,,
obra_0265,,My Wish Is Two Separate Beds,,,,,,,,,
obra_0266,,My Younger Sister Was a Genius,,,,,,,,,
obra_0267,,Nasty Fever,,,,,,,,,
obra_0268,,Night Journey,,,,,,,,,
obra_0269,,No Place for the Fake Princess,,,,,,,,,
obra_0270,,"Noble in Name, Vulgar at Heart",,,,,,,,,
obra_0271,,North Snow Love Story,,,,,,,,,
obra_0272,,Obey the Flowers,,,,,,,,,
obra_0273,,Odalisque,,,,,,,,,
obra_0274,,"Oh, Dear Nemesis",,,,,,,,,
obra_0275,,"Once a Predator, Now a Sacrifice",,,,,,,,,
obra_0276,,"Once an Assassin, Now a Royal Nanny",,,,,,,,,
obra_0277,,"One Day, My Sister Died",,,,,,,,,
obra_0278,,"One Day, the Male Lead Fell Down",,,,,,,,,
obra_0279,,One Husband Is Enough,,,,,,,,,
obra_0280,,Onsaemiro,,,,,,,,,
obra_0281,,Perfect Contract,,,,,,,,,
obra_0282,,Please Lay Your Eyes on Jasmine,,,,,,,,,
obra_0283,,Please Support Revenge,,,,,,,,,
obra_0284,,Princess and Dragon,,,,,,,,,
obra_0285,,Protect the Fake Saint!,,,,,,,,,
obra_0286,,Put Me To Sleep,,,,,,,,,
obra_0287,,Radia,,,,,,,,,
obra_0288,,"Rather Than The Son, I'll Take The Father",,,,,,,,,
obra_0289,,Reforming My Regretful Husband,,,,,,,,,
obra_0290,,Rejecting The Perfect Marriage,,,,,,,,,
obra_0291,,Remarried Empress,,,,,,,,,
obra_0292,,Resetting Lady,,,,,,,,,
obra_0293,,ROYAL MARRIAGE,,,,,,,,,
obra_0294,,Royal Redemption,,,,,,,,,
obra_0295,,Savage Castle,,,,,,,,,
obra_0296,,Savage Witch,,,,,,,,,
obra_0297,,"Say Ah, The Golden Spoon Is Entering",,,,,,,,,
obra_0298,,Scarlet Temptation,,,,,,,,,
obra_0299,,"Screw the Noble Life, I'm Going Home",,,,,,,,,
obra_0300,,Seal The Deal,,,,,,,,,
obra_0301,,Seeking For Your Forgiveness,,,,,,,,,
obra_0302,,Selena,,,,,,,,,
obra_0303,Novel,Shards Of A Broken Glass Slipper [Novel],,,,,,,,,
obra_0304,,Silver Tree,,,,,,,,,
obra_0305,,"Since I Don't Remember Anything About It, Shall We Break Up, Your Majesty?",,,,,,,,,
obra_0306,,"Sister, I Am the Queen in This Life",,,,,,,,,
obra_0307,,Sleepless Death,,,,,,,,,
obra_0308,,Star-Embracing Swordmaster,,,,,,,,,
obra_0309,,Stop this Marriage!,,,,,,,,,
obra_0310,,Swim In The Cherry,,,,,,,,,
obra_0311,,Tamed A Blackened Slave Man,,,,,,,,,
obra_0312,,Tamed the Monster Prince,,,,,,,,,
obra_0313,,Taram Taram Taram,,,,,,,,,
obra_0314,,Teach Me Desire,,,,,,,,,
obra_0315,,Teaching The Tyrant Manners,,,,,,,,,
obra_0316,,Thank You for Your Betrayal,,,,,,,,,
obra_0317,,That Trash Was Me,,,,,,,,,
obra_0318,,"That Villain's Life, I'll Live It Once",,,,,,,,,
obra_0319,,The 101st Love Confession,,,,,,,,,
obra_0320,,The Abandoned Bachelorette Enjoys Her Simple Life,,,,,,,,,
obra_0321,,The Abandoned Prince’s Ghost Bride,,,,,,,,,
obra_0322,,The Archduke's Gorgeous Wedding Was a Fraud,,,,,,,,,
obra_0323,,The Archduke's Pet,,,,,,,,,
obra_0324,,The Baby Isn't Yours,,,,,,,,,
obra_0325,,The Beast Within,,,,,,,,,
obra_0326,,The Beastly Count After Dark,,,,,,,,,
obra_0327,,The Betrayed Queen is Devoted To By The Beautiful Baron,,,,,,,,,
obra_0328,,The Black Diary,,,,,,,,,
obra_0329,,The Blind Beast’s Endless Night,,,,,,,,,
obra_0330,,The Bloodthirsty Bride Devours the King,,,,,,,,,
obra_0331,,The Bondservant,,,,,,,,,
obra_0332,,The Broken Ring : This Marriage Will Fail Anyway,,,,,,,,,
obra_0333,,The Brunette’s Reaper,,,,,,,,,
obra_0334,,The Butterfly That Swallowed the Mist,,,,,,,,,
obra_0335,,The Corrupted Paladin Is Obsessed With Me,,,,,,,,,
obra_0336,,The Count's Secret Maid,,,,,,,,,
obra_0337,,The Crown I Will Seize,,,,,,,,,
obra_0338,Novel,The crown I will take from you [Novel],,,,,,,,,
obra_0339,,The Crown Prince's Fiancée,,,,,,,,,
obra_0340,,The Cruelty of Salvation,,,,,,,,,
obra_0341,,The Dame In Shining Armor,,,,,,,,,
obra_0342,,The Day The Real One Appeared,,,,,,,,,
obra_0343,,The Demon King's Confession,,,,,,,,,
obra_0344,,The Deposed Empress' Scandal,,,,,,,,,
obra_0345,,The Desire of the Princess from a Fallen Kingdom,,,,,,,,,
obra_0346,,The Devil Who Kisses My Feet,,,,,,,,,
obra_0347,,The Duchess Has Decided to Commit Adultery,,,,,,,,,
obra_0348,,The Duke and The Fox Princess,,,,,,,,,
obra_0349,,The Eldest Daughter of the Tang Clan of Sacheon Protects the Family,,,,,,,,,
obra_0350,,The Eldest Daughter Walks Down The Flower Path,,,,,,,,,
obra_0351,,The Emperor Reverses Time,,,,,,,,,
obra_0352,,The Emperor's Dog,,,,,,,,,
obra_0353,,The Empress's Beast Selection,,,,,,,,,
obra_0354,,the empresss time reversed abducted marriage,,,,,,,,,
obra_0355,,The End of a Fake Marriage,,,,,,,,,
obra_0356,,The End of an Imperfect Divorce,,,,,,,,,
obra_0357,,The Flower Who Bears The Sword,,,,,,,,,
obra_0358,,The Foreign Object was Me,,,,,,,,,
obra_0359,,The Forgotten Field,,,,,,,,,
obra_0360,,The ghost bride of the abandoned prince,,,,,,,,,
obra_0361,,The Hated Stepmother Begins Her Second Life,,,,,,,,,
obra_0362,,The Killer Boss is raising a Fox,,,,,,,,,
obra_0363,,The Lady and the Beast,,,,,,,,,
obra_0364,,The Last Immortal's Theorem,,,,,,,,,
obra_0365,,The Lemon Forest,,,,,,,,,
obra_0366,,The Life Of An Evil Empress,,,,,,,,,
obra_0367,,The Male Lead and I Are Trapped In A Horror Game,,,,,,,,,
obra_0368,,The male leads are trapped in my house,,,,,,,,,
obra_0369,,The Male Leads Were Stolen by the Extra,,,,,,,,,
obra_0370,,The Marriage of Countess Michelle,,,,,,,,,
obra_0371,,The Mighty Extra: One Girl Changes the World,,,,,,,,,
obra_0372,,The Monster Duke Mistook Me for His Wife,,,,,,,,,
obra_0373,,The New Empress,,,,,,,,,
obra_0374,,The Night When the Moon Disappeared,,,,,,,,,
obra_0375,,The Oracle of the Villainous Baby,,,,,,,,,
obra_0376,Novel,The Oracle of the Villainous Baby [Novel],,,,,,,,,
obra_0377,,The Pearl of Albrecht,,,,,,,,,
obra_0378,,The Predator's Fiancée,,,,,,,,,
obra_0379,,The Presepe Outside the Cage,,,,,,,,,
obra_0380,,The Price Is Your Everything,,,,,,,,,
obra_0381,,The Price of Breaking Up,,,,,,,,,
obra_0382,,The Princess After The Revolution,,,,,,,,,
obra_0383,,The Princess Has the Constitution of an Eagle Workshop,,,,,,,,,
obra_0384,,The Princess Imprints A Traitor,,,,,,,,,
obra_0385,,The Princess Who Lost Everything Waits for Her Knight,,,,,,,,,
obra_0386,,The Princess's Bedchamber Toy,,,,,,,,,
obra_0387,,The Problematic Prince,,,,,,,,,
obra_0388,,The Psycho Duke and I,,,,,,,,,
obra_0389,,The Queen's Life was At Stake,,,,,,,,,
obra_0390,,The Reason Why That Villainess Picked Up A Sword,,,,,,,,,
obra_0391,,The Reason Why The Twin Lady Crossdresses,,,,,,,,,
obra_0392,,The Redemption of Earl Nottingham,,,,,,,,,
obra_0393,,The Retired Saintess Raises Property Values,,,,,,,,,
obra_0394,,The Runaway Countess Has Returned,,,,,,,,,
obra_0395,,"The Saintess Everyone Despised, Until My Death Made Them Love Me",,,,,,,,,
obra_0396,,The Scandal Maker Has Returned,,,,,,,,,
obra_0397,,The Secret Bedroom of a Dejected Royal Daughter,,,,,,,,,
obra_0398,,The Selfish Romance,,,,,,,,,
obra_0399,,The supporting character has no counterattack,,,,,,,,,
obra_0400,,The Symbiotic Relationship Between the Rabbit and the Black Panther,,,,,,,,,
obra_0401,,The Tainted Half,,,,,,,,,
obra_0402,,The Things Melvin Left Behind for Them,,,,,,,,,
obra_0403,,The Throttling Dawn,,,,,,,,,
obra_0404,,The Time-Limited Black Screen Supports My Breakup,,,,,,,,,
obra_0405,,The Tutor's Secret Sessions [Official],,,,,,,,,
obra_0406,,The Tyrant Brother is A Bonus,,,,,,,,,
obra_0407,,The villain tyrant has returned,,,,,,,,,
obra_0408,,The Villain's Match Is Too Perfect,,,,,,,,,
obra_0409,,The Villain’s Pure Love,,,,,,,,,
obra_0410,,The Villainess Is A Marionette,,,,,,,,,
obra_0411,,The Villainess is a Millionaire Solver,,,,,,,,,
obra_0412,,The Villainess Is Collared by Her Loyal Guard,,,,,,,,,
obra_0413,,The Villainess Just Wants to Live in Peace!,,,,,,,,,
obra_0414,,The Villainous Family Is Against Independence,,,,,,,,,
obra_0415,,The Villainous Princess Won't Tolerate a Bad Ending,,,,,,,,,
obra_0416,,The Way to Protect the Female Lead's Older Brother,,,,,,,,,
obra_0417,,The Wicked Ladies in Waiting,,,,,,,,,
obra_0418,,The Wicked Wife of a Scheming CEO,,,,,,,,,
obra_0419,,The World Without My Sister Who Everyone Loved,,,,,,,,,
obra_0420,,The Young Lady Who Broke Her Engagement Is Only Obsessed With the Ending,,,,,,,,,
obra_0421,,There is no mercy,,,,,,,,,
obra_0422,,There Is No Need To Be Obsessed,,,,,,,,,
obra_0423,,There is No Such Thing as a Bad Golden Child in The World,,,,,,,,,
obra_0424,,There's A Rat In Our House,,,,,,,,,
obra_0425,,Thiendavis – For The Perfect Salvation,,,,,,,,,
obra_0426,,Things I Didn't Know Because It Was The First Time,,,,,,,,,
obra_0427,,This Is How Revenge Is Done,,,,,,,,,
obra_0428,,This Marriage Will Surely Succeed,,,,,,,,,
obra_0429,,This Obsessive Love Runs Deeper Than Blood,,,,,,,,,
obra_0430,,To Have an Affair With Someone,,,,,,,,,
obra_0431,,"To Me, Who Does Not Love You",,,,,,,,,
obra_0432,,To My Husband's Mistress,,,,,,,,,
obra_0433,,To the Perfect Duke,,,,,,,,,
obra_0434,,To the Witch Who Forgot the Birds,,,,,,,,,
obra_0435,,To Those Who Long for My Destruction,,,,,,,,,
obra_0436,,Today the Villainess has Fun Again,,,,,,,,,
obra_0437,,Traces of the Moon,,,,,,,,,
obra_0438,,Transcension Academy,,,,,,,,,
obra_0439,,Try Begging Me,,,,,,,,,
obra_0440,,Tyrant wants a better life,,,,,,,,,
obra_0441,,"Unbeknownst to Me, I am Secretly Dating the Emperor",,,,,,,,,
obra_0442,,Undercover! Chaebol High School,,,,,,,,,
obra_0443,,"Vengeful Weapon, Tears of Poison",,,,,,,,,
obra_0444,,"Villain, I'll Do Everything Except Marriage for You!",,,,,,,,,
obra_0445,,Villainess Maker,,,,,,,,,
obra_0446,,Ways to Satisfy a Devil,,,,,,,,,
obra_0447,,What the Duke Picked up in the Forest,,,,,,,,,
obra_0448,,When Arrogance Fell at My Feet,,,,,,,,,
obra_0449,,When My Enemies Began to Regret,,,,,,,,,
obra_0450,,When the Black Wolf Calls Me,,,,,,,,,
obra_0451,,When the Male Lead and Female Lead Broke Apart,,,,,,,,,
obra_0452,,White Dragon Duke: Pendragon,,,,,,,,,
obra_0453,,White Scandal,,,,,,,,,
obra_0454,,Why Are You Obsessed With Your Fake Wife?,,,,,,,,,
obra_0455,,"Will You Marry Me Under Contract, Your Highness?",,,,,,,,,
obra_0456,,You Were My Slave,,,,,,,,,
obra_0457,,"You're a Cat, But You've Been Adopted by a Wolf Family?",,,,,,,,,
obra_0458,,"Your Majesty, Please Stop Now",,,,,,,,,
obra_0459,,Your Ryan,,,,,,,,,
